timestamp,open,high,low,close,volume,trade_count,vwap
2024-01-13 07:26:00+00:00,43241.638,43241.638,43227.5,43227.5,0.002250236,1.0,43241.638
2024-01-13 07:27:00+00:00,43200.745,43200.745,43200.745,43200.745,0.0,0.0,0.0
2024-01-13 07:28:00+00:00,43225.92,43225.92,43179.695,43179.695,0.000112552,1.0,43225.92
2024-01-13 07:29:00+00:00,43168.7,43168.7,43148.8705,43163.775,0.0,0.0,0.0
2024-01-13 07:30:00+00:00,43168.6555,43168.6555,43164.245,43164.245,0.0,0.0,0.0
2024-01-13 07:31:00+00:00,43141.51,43141.51,43141.51,43141.51,0.0,0.0,0.0
2024-01-13 07:32:00+00:00,43119.57,43127.047,43119.57,43127.047,0.0,0.0,0.0
2024-01-13 07:33:00+00:00,43145.915,43145.915,43145.915,43145.915,0.0,0.0,0.0
2024-01-13 07:34:00+00:00,43149.945,43149.945,43144.5005,43144.5005,0.0,0.0,0.0
2024-01-13 07:35:00+00:00,43148.101,43148.101,43137.9805,43137.9805,0.0,0.0,0.0
2024-01-13 07:36:00+00:00,43124.025,43124.025,43124.025,43124.025,0.0,0.0,0.0
2024-01-13 07:37:00+00:00,43138.29,43138.29,43113.266,43113.266,0.001127813,1.0,43138.29
2024-01-13 07:39:00+00:00,43085.891,43090.4655,43085.891,43090.4655,0.0,0.0,0.0
2024-01-13 07:40:00+00:00,43124.56,43124.56,43124.56,43124.56,0.0,0.0,0.0
2024-01-13 07:41:00+00:00,43127.29,43127.29,43127.29,43127.29,0.0,0.0,0.0
2024-01-13 07:42:00+00:00,43149.513,43149.513,43149.513,43149.513,0.0,0.0,0.0
2024-01-13 07:46:00+00:00,43163.865,43163.865,43158.9365,43158.9365,0.0,0.0,0.0
2024-01-13 07:47:00+00:00,43155.711,43155.711,43155.711,43155.711,0.0,0.0,0.0
2024-01-13 07:48:00+00:00,43142.4655,43166.627,43142.4655,43166.627,2.3479e-05,1.0,43159.23
2024-01-13 07:49:00+00:00,43181.35,43181.35,43168.606,43168.606,0.0,0.0,0.0
2024-01-13 07:50:00+00:00,43179.71,43179.71,43179.71,43179.71,0.0,0.0,0.0
2024-01-13 07:51:00+00:00,43146.664,43146.664,43146.664,43146.664,0.0,0.0,0.0
2024-01-13 07:52:00+00:00,43137.175,43137.175,43137.175,43137.175,0.0,0.0,0.0
2024-01-13 07:53:00+00:00,43132.645,43132.645,43132.645,43132.645,0.0,0.0,0.0
2024-01-13 07:54:00+00:00,43101.009,43101.009,43101.009,43101.009,0.0,0.0,0.0
2024-01-13 07:55:00+00:00,43050.06,43109.513,43050.06,43104.773,0.000240165,2.0,43079.9532253576
2024-01-13 07:56:00+00:00,43132.819,43132.819,43132.819,43132.819,0.0,0.0,0.0
2024-01-13 07:57:00+00:00,43113.0355,43118.102,43085.151,43118.102,2.3e-05,1.0,43085.151
2024-01-13 07:58:00+00:00,43102.6,43118.102,43102.6,43110.97,0.000297,1.0,43102.6
2024-01-13 08:00:00+00:00,43110.643,43120.48,43110.643,43120.48,0.0,0.0,0.0
2024-01-13 08:01:00+00:00,43145.82,43145.82,43145.82,43145.82,0.0,0.0,0.0
2024-01-13 08:02:00+00:00,43127.573,43152.05,43127.573,43152.05,0.000110653,1.0,43127.573
2024-01-13 08:03:00+00:00,43154.795,43154.795,43154.795,43154.795,0.0,0.0,0.0
2024-01-13 08:04:00+00:00,43156.985,43157.6,43156.985,43157.6,0.0,0.0,0.0
2024-01-13 08:07:00+00:00,43167.19,43167.19,43167.19,43167.19,0.0,0.0,0.0
2024-01-13 08:09:00+00:00,43140.567,43161.71,43134.6145,43152.6045,0.0,0.0,0.0
2024-01-13 08:10:00+00:00,43171.14,43171.14,43171.14,43171.14,0.0,0.0,0.0
2024-01-13 08:11:00+00:00,43159.2155,43168.595,43159.2155,43168.304,0.0,0.0,0.0
2024-01-13 08:12:00+00:00,43165.978,43165.978,43156.8,43156.8,0.0,0.0,0.0
2024-01-13 08:13:00+00:00,43129.5,43167.29,43129.5,43167.29,0.0005,1.0,43129.5
2024-01-13 08:14:00+00:00,43152.2,43169.072,43138.544,43152.965,0.001,2.0,43145.372
2024-01-13 08:15:00+00:00,43143.7,43199.15,43129.2,43172.625,0.005175777,4.0,43169.4095197977
2024-01-13 08:16:00+00:00,43206.816,43206.816,43167.3,43188.05,0.001161452,2.0,43205.6106696618
2024-01-13 08:19:00+00:00,43193.613,43193.613,43167.15,43167.15,0.0,0.0,0.0
2024-01-13 08:20:00+00:00,43182.7085,43182.7085,43182.275,43182.275,0.0,0.0,0.0
2024-01-13 08:25:00+00:00,43167.56,43167.56,43143.754,43143.754,0.0,0.0,0.0
2024-01-13 08:26:00+00:00,43163.55,43163.55,43163.55,43163.55,0.0,0.0,0.0
2024-01-13 08:27:00+00:00,43216.42,43217.05,43198.8665,43204.7,0.000958484,1.0,43216.42
2024-01-13 08:28:00+00:00,43216.4,43248.215,43216.4,43248.215,0.0,0.0,0.0
2024-01-13 08:30:00+00:00,43215.465,43215.465,43215.465,43215.465,0.0,0.0,0.0
2024-01-13 08:31:00+00:00,43225.625,43225.625,43182.982,43182.982,0.0,0.0,0.0
2024-01-13 08:32:00+00:00,43190.095,43198.113,43190.095,43198.113,0.0,0.0,0.0
2024-01-13 08:34:00+00:00,43163.475,43163.475,43163.475,43163.475,0.0,0.0,0.0
2024-01-13 08:36:00+00:00,43208.376,43208.376,43175.575,43175.575,0.00497595,1.0,43208.376
2024-01-13 08:37:00+00:00,43151.1285,43151.1285,43116.6965,43116.6965,0.0,0.0,0.0
2024-01-13 08:38:00+00:00,43144.018,43144.018,43144.018,43144.018,0.0,0.0,0.0
2024-01-13 08:40:00+00:00,43159.91,43159.91,43159.91,43159.91,0.0,0.0,0.0
2024-01-13 08:41:00+00:00,43147.192,43147.192,43133.405,43133.405,0.0,0.0,0.0
2024-01-13 08:42:00+00:00,43118.92,43118.92,43107.4665,43107.4665,0.0,0.0,0.0
2024-01-13 08:43:00+00:00,43095.45,43102.4,43095.45,43102.4,0.0,0.0,0.0
2024-01-13 08:44:00+00:00,43123.2355,43123.2355,43123.2355,43123.2355,0.0,0.0,0.0
2024-01-13 08:45:00+00:00,43082.175,43082.175,43082.175,43082.175,0.0,0.0,0.0
2024-01-13 08:47:00+00:00,43152.319,43152.319,43145.2345,43145.2345,0.0,0.0,0.0
2024-01-13 08:48:00+00:00,43115.1055,43115.1055,43097.5575,43114.795,2.3479e-05,1.0,43114.915
2024-01-13 08:49:00+00:00,43123.235,43123.235,43123.235,43123.235,0.0,0.0,0.0
2024-01-13 08:50:00+00:00,43132.0585,43149.676,43132.0585,43149.676,0.0,0.0,0.0
2024-01-13 08:51:00+00:00,43137.05,43137.05,43114.12,43114.12,0.0,0.0,0.0
2024-01-13 08:52:00+00:00,43128.055,43128.055,43104.63,43104.63,0.0,0.0,0.0
2024-01-13 08:54:00+00:00,43144.085,43157.382,43134.2935,43134.2935,0.000112731,1.0,43157.382
2024-01-13 08:59:00+00:00,43204.1485,43204.1485,43172.743,43172.743,0.0,0.0,0.0
2024-01-13 09:00:00+00:00,43149.492,43184.22,43149.492,43184.22,0.0431,1.0,43149.492
2024-01-13 09:01:00+00:00,43183.782,43183.782,43183.782,43183.782,0.0,0.0,0.0
2024-01-13 09:02:00+00:00,43181.62,43181.62,43179.1,43179.1,0.0,0.0,0.0
2024-01-13 09:03:00+00:00,43141.755,43141.755,43141.755,43141.755,0.0,0.0,0.0
2024-01-13 09:04:00+00:00,43120.9525,43120.9525,43120.9525,43120.9525,0.0,0.0,0.0
2024-01-13 09:05:00+00:00,43114.6475,43114.6475,43114.6475,43114.6475,0.0,0.0,0.0
2024-01-13 09:06:00+00:00,43114.325,43114.325,43103.745,43103.745,0.0,0.0,0.0
2024-01-13 09:07:00+00:00,43093.3755,43112.354,43093.3755,43112.354,0.0,0.0,0.0
2024-01-13 09:08:00+00:00,43117.906,43117.906,43117.906,43117.906,0.0,0.0,0.0
2024-01-13 09:09:00+00:00,43114.1155,43116.07,43110.44,43116.07,0.0,0.0,0.0
2024-01-13 09:10:00+00:00,43121.285,43121.285,43113.2805,43113.2805,0.0,0.0,0.0
2024-01-13 09:11:00+00:00,43086.66,43098.755,43086.66,43098.755,0.0,0.0,0.0
2024-01-13 09:13:00+00:00,43102.008,43102.008,43084.319,43084.3575,0.002031773,1.0,43102.008
2024-01-13 09:16:00+00:00,43035.756,43036.2495,43031.584,43036.2495,0.0,0.0,0.0
2024-01-13 09:19:00+00:00,43009.5925,43009.5925,42975.075,42975.075,0.0,0.0,0.0
2024-01-13 09:20:00+00:00,42995.5535,42995.5535,42995.5535,42995.5535,0.0,0.0,0.0
2024-01-13 09:21:00+00:00,42999.8,42999.8,42999.8,42999.8,0.0,0.0,0.0
2024-01-13 09:22:00+00:00,43031.0645,43031.0645,43026.177,43026.177,0.0,0.0,0.0
2024-01-13 09:23:00+00:00,43000.295,43000.295,42989.5775,42989.5775,0.0,0.0,0.0
2024-01-13 09:24:00+00:00,42923.44,42955.644,42923.44,42946.981,0.0,0.0,0.0
2024-01-13 09:25:00+00:00,42928.1955,42928.1955,42928.1955,42928.1955,0.0,0.0,0.0
2024-01-13 09:26:00+00:00,42961.025,42990.075,42961.025,42990.075,0.0,0.0,0.0
2024-01-13 09:27:00+00:00,42996.453,43016.5,42996.453,42996.592,0.005655034,1.0,43016.5
2024-01-13 09:28:00+00:00,42985.79,42985.79,42985.79,42985.79,0.0,0.0,0.0
2024-01-13 09:29:00+00:00,42994.0825,43000.0155,42994.0825,43000.0155,0.0,0.0,0.0
2024-01-13 09:30:00+00:00,43012.6985,43038.427,43010.878,43036.6,0.000113043,1.0,43038.427
2024-01-13 09:34:00+00:00,43053.685,43053.685,43053.685,43053.685,0.0,0.0,0.0
2024-01-13 09:35:00+00:00,43053.805,43053.805,43053.805,43053.805,0.0,0.0,0.0
2024-01-13 09:36:00+00:00,43038.457,43038.457,43038.457,43038.457,0.0,0.0,0.0
2024-01-13 09:37:00+00:00,43014.709,43014.709,43014.709,43014.709,0.0,0.0,0.0
2024-01-13 09:38:00+00:00,43023.39,43023.39,43023.39,43023.39,0.0,0.0,0.0
2024-01-13 09:39:00+00:00,43035.86,43035.86,43035.86,43035.86,0.0,0.0,0.0
2024-01-13 09:41:00+00:00,43034.5055,43034.5055,43034.5055,43034.5055,0.0,0.0,0.0
2024-01-13 09:42:00+00:00,43021.54,43021.54,43017.616,43017.616,0.0,0.0,0.0
2024-01-13 09:43:00+00:00,43024.0085,43024.0085,43024.0085,43024.0085,0.0,0.0,0.0
2024-01-13 09:44:00+00:00,43021.76,43021.76,43021.76,43021.76,0.0,0.0,0.0
2024-01-13 09:47:00+00:00,42978.797,42978.797,42972.49,42972.49,0.0,0.0,0.0
2024-01-13 09:48:00+00:00,42974.38,42974.38,42943.08,42943.08,0.0,0.0,0.0
2024-01-13 09:49:00+00:00,42954.3,42954.3,42900.0545,42900.0545,2.3479e-05,1.0,42954.3
2024-01-13 09:50:00+00:00,42929.5635,42929.5635,42929.5635,42929.5635,0.0,0.0,0.0
2024-01-13 09:51:00+00:00,42925.836,42925.836,42895.9,42895.9,0.0,0.0,0.0
2024-01-13 09:52:00+00:00,42885.3,42895.1135,42885.3,42895.1135,0.0,0.0,0.0
2024-01-13 09:53:00+00:00,42932.039,42932.039,42887.685,42887.685,0.0,0.0,0.0
2024-01-13 09:54:00+00:00,42908.24,42923.297,42908.24,42923.297,0.0,0.0,0.0
2024-01-13 09:55:00+00:00,42906.7545,42909.905,42891.8545,42909.905,0.0,0.0,0.0
2024-01-13 09:57:00+00:00,42932.7715,42932.7715,42913.7375,42913.7375,0.0,0.0,0.0
2024-01-13 09:59:00+00:00,42934.18,42934.18,42934.18,42934.18,0.0,0.0,0.0
2024-01-13 10:00:00+00:00,42900.275,42900.275,42900.275,42900.275,0.0,0.0,0.0
2024-01-13 10:01:00+00:00,42889.185,42889.185,42839.529,42839.529,0.0,0.0,0.0
2024-01-13 10:02:00+00:00,42842.92,42842.92,42827.778,42827.778,0.0,0.0,0.0
2024-01-13 10:03:00+00:00,42836.595,42857.828,42836.595,42850.25,0.0,0.0,0.0
2024-01-13 10:07:00+00:00,42736.484,42736.6535,42736.484,42736.6535,0.0,0.0,0.0
2024-01-13 10:08:00+00:00,42769.1155,42769.1155,42769.1155,42769.1155,0.0,0.0,0.0
2024-01-13 10:09:00+00:00,42728.45,42731.9785,42713.34,42731.9785,0.0,0.0,0.0
2024-01-13 10:10:00+00:00,42717.137,42717.137,42717.137,42717.137,0.0,0.0,0.0
2024-01-13 10:11:00+00:00,42677.2,42677.2,42677.2,42677.2,0.0,0.0,0.0
2024-01-13 10:12:00+00:00,42689.665,42689.665,42661.9,42661.9,0.000584824,1.0,42678.2
2024-01-13 10:13:00+00:00,42694.497,42694.497,42683.612,42683.612,0.0,0.0,0.0
2024-01-13 10:14:00+00:00,42669.872,42719.035,42652.94,42719.035,0.089401625,1.0,42652.94
2024-01-13 10:15:00+00:00,42759.5495,42759.5495,42759.5495,42759.5495,0.0,0.0,0.0
2024-01-13 10:16:00+00:00,42777.88,42799.72,42777.88,42799.72,0.0,0.0,0.0
2024-01-13 10:17:00+00:00,42735.595,42773.413,42735.595,42752.7565,0.025,1.0,42773.413
2024-01-13 10:18:00+00:00,42758.3,42758.3,42737.5425,42737.5425,0.002275673,1.0,42758.3
2024-01-13 10:19:00+00:00,42763.735,42819.745,42763.735,42819.745,0.0,0.0,0.0
2024-01-13 10:20:00+00:00,42835.0,42835.0,42794.751,42821.562,0.072073258,1.0,42794.751
2024-01-13 10:21:00+00:00,42835.068,42846.2,42835.068,42846.2,0.0,0.0,0.0
2024-01-13 10:24:00+00:00,42866.42,42866.42,42824.0235,42824.0235,0.002269933,1.0,42866.42
2024-01-13 10:25:00+00:00,42806.57,42806.57,42787.315,42787.315,0.0,0.0,0.0
2024-01-13 10:26:00+00:00,42827.1005,42827.1005,42827.1005,42827.1005,0.0,0.0,0.0
2024-01-13 10:27:00+00:00,42811.362,42827.24,42793.007,42802.15,0.000454402,1.0,42827.24
2024-01-13 10:28:00+00:00,42840.3,42840.3,42840.3,42840.3,0.0,0.0,0.0
2024-01-13 10:30:00+00:00,42800.5,42801.096,42800.5,42801.096,0.0,0.0,0.0
2024-01-13 10:31:00+00:00,42827.5,42831.6095,42811.062,42831.6095,0.001990495,1.0,42827.5
2024-01-13 10:32:00+00:00,42847.095,42866.527,42847.095,42866.527,0.0,0.0,0.0
2024-01-13 10:35:00+00:00,42818.4535,42862.699,42818.4535,42862.699,0.0,0.0,0.0
2024-01-13 10:36:00+00:00,42868.245,42868.245,42868.245,42868.245,0.0,0.0,0.0
2024-01-13 10:37:00+00:00,42890.59,42890.59,42836.59,42836.59,0.000113432,1.0,42890.59
2024-01-13 10:38:00+00:00,42851.962,42851.962,42851.962,42851.962,0.0,0.0,0.0
2024-01-13 10:39:00+00:00,42792.98,42792.98,42774.9195,42774.9195,0.000159168,1.0,42792.98
2024-01-13 10:40:00+00:00,42757.022,42757.022,42739.832,42739.832,0.0,0.0,0.0
2024-01-13 10:41:00+00:00,42746.0635,42746.0635,42746.0635,42746.0635,0.0,0.0,0.0
2024-01-13 10:42:00+00:00,42723.798,42723.798,42723.798,42723.798,0.0,0.0,0.0
2024-01-13 10:43:00+00:00,42740.05,42750.468,42740.05,42750.468,0.0,0.0,0.0
2024-01-13 10:45:00+00:00,42765.86,42765.86,42765.86,42765.86,0.0,0.0,0.0
2024-01-13 10:46:00+00:00,42774.56,42779.3,42773.881,42779.3,0.0,0.0,0.0
2024-01-13 10:47:00+00:00,42776.61,42776.61,42776.61,42776.61,0.0,0.0,0.0
2024-01-13 10:48:00+00:00,42771.672,42771.672,42691.2725,42691.335,2.3479e-05,1.0,42771.672
2024-01-13 10:49:00+00:00,42716.0,42716.0,42716.0,42716.0,0.0,0.0,0.0
2024-01-13 10:51:00+00:00,42739.3455,42739.3455,42739.3455,42739.3455,0.0,0.0,0.0
2024-01-13 10:53:00+00:00,42742.192,42754.115,42742.192,42754.115,0.0,0.0,0.0
2024-01-13 10:54:00+00:00,42791.22,42791.22,42791.22,42791.22,0.0,0.0,0.0
2024-01-13 10:56:00+00:00,42785.9535,42791.345,42783.412,42786.69,0.0,0.0,0.0
2024-01-13 10:57:00+00:00,42773.3,42788.75,42773.3,42788.3,0.0,0.0,0.0
2024-01-13 10:58:00+00:00,42732.113,42732.113,42702.35,42702.35,0.0,0.0,0.0
2024-01-13 10:59:00+00:00,42713.964,42713.964,42713.964,42713.964,0.0,0.0,0.0
2024-01-13 11:00:00+00:00,42718.4885,42718.4885,42718.4885,42718.4885,0.0,0.0,0.0
2024-01-13 11:01:00+00:00,42743.583,42743.583,42743.583,42743.583,0.0,0.0,0.0
2024-01-13 11:04:00+00:00,42601.7415,42601.7415,42601.7415,42601.7415,0.0,0.0,0.0
2024-01-13 11:05:00+00:00,42639.115,42639.115,42636.55,42636.55,0.0,0.0,0.0
2024-01-13 11:07:00+00:00,42640.1075,42640.1075,42625.8655,42625.8655,0.0,0.0,0.0
2024-01-13 11:08:00+00:00,42669.79,42669.79,42669.79,42669.79,0.0,0.0,0.0
2024-01-13 11:09:00+00:00,42703.765,42788.475,42703.765,42788.475,0.0,0.0,0.0
2024-01-13 11:11:00+00:00,42719.84,42719.84,42662.485,42662.485,0.044140722,1.0,42680.45
2024-01-13 11:14:00+00:00,42660.9015,42660.9015,42660.9015,42660.9015,0.0,0.0,0.0
2024-01-13 11:15:00+00:00,42680.1455,42680.1455,42680.1455,42680.1455,0.0,0.0,0.0
2024-01-13 11:16:00+00:00,42724.04,42724.04,42702.463,42702.463,0.003416247,1.0,42724.04
2024-01-13 11:17:00+00:00,42685.87,42685.87,42685.87,42685.87,0.0,0.0,0.0
2024-01-13 11:18:00+00:00,42715.84,42715.84,42702.1315,42702.1315,0.0,0.0,0.0
2024-01-13 11:20:00+00:00,42662.4375,42662.4375,42662.4375,42662.4375,0.0,0.0,0.0
2024-01-13 11:21:00+00:00,42665.58,42665.58,42665.58,42665.58,0.0,0.0,0.0
2024-01-13 11:22:00+00:00,42673.314,42674.4875,42673.314,42674.4875,0.0,0.0,0.0
2024-01-13 11:23:00+00:00,42654.2285,42654.2285,42654.2285,42654.2285,0.0,0.0,0.0
2024-01-13 11:25:00+00:00,42684.5,42731.31,42684.5,42731.31,0.0,0.0,0.0
2024-01-13 11:26:00+00:00,42709.087,42709.087,42673.82,42673.82,0.0,0.0,0.0
2024-01-13 11:27:00+00:00,42657.6245,42657.6245,42652.3745,42652.3745,0.0,0.0,0.0
2024-01-13 11:28:00+00:00,42696.01,42696.01,42696.01,42696.01,0.0,0.0,0.0
2024-01-13 11:31:00+00:00,42734.67,42734.67,42734.67,42734.67,0.0,0.0,0.0
2024-01-13 11:32:00+00:00,42730.6,42750.4666666665,42717.914,42717.914,0.006158528,1.0,42738.833333333
2024-01-13 11:34:00+00:00,42706.575,42723.4,42706.575,42723.4,0.0,0.0,0.0
2024-01-13 11:35:00+00:00,42640.525,42640.525,42566.9165,42568.756,0.0,0.0,0.0
2024-01-13 11:36:00+00:00,42588.045,42604.465,42586.857,42586.857,0.0,0.0,0.0
2024-01-13 11:37:00+00:00,42624.935,42624.935,42620.833,42620.833,0.0,0.0,0.0
2024-01-13 11:38:00+00:00,42621.2815,42621.2815,42621.2815,42621.2815,0.0,0.0,0.0
2024-01-13 11:39:00+00:00,42674.3,42674.3,42638.3245,42638.3245,0.043361208,1.0,42674.3
2024-01-13 11:41:00+00:00,42656.4815,42666.3775,42656.4815,42666.3775,0.0,0.0,0.0
2024-01-13 11:42:00+00:00,42667.845,42667.845,42667.845,42667.845,0.0,0.0,0.0
2024-01-13 11:43:00+00:00,42676.018,42676.018,42676.018,42676.018,0.0,0.0,0.0
2024-01-13 11:44:00+00:00,42662.2195,42662.2195,42578.34,42578.34,0.0,0.0,0.0
2024-01-13 11:45:00+00:00,42537.707,42570.641,42537.707,42570.641,0.0,0.0,0.0
2024-01-13 11:46:00+00:00,42575.264,42575.264,42575.264,42575.264,0.0,0.0,0.0
2024-01-13 11:47:00+00:00,42585.7475,42585.7475,42585.7475,42585.7475,0.0,0.0,0.0
2024-01-13 11:48:00+00:00,42581.2805,42581.2805,42581.0365,42581.0365,0.0,0.0,0.0
2024-01-13 11:49:00+00:00,42606.84,42606.84,42571.625,42585.93,2.3479e-05,1.0,42606.84
2024-01-13 11:50:00+00:00,42560.49,42560.49,42560.49,42560.49,0.0,0.0,0.0
2024-01-13 11:51:00+00:00,42560.5,42560.5,42519.6375,42559.2555,0.0,0.0,0.0
2024-01-13 11:52:00+00:00,42575.75,42594.04,42559.12,42559.12,0.0,0.0,0.0
2024-01-13 11:53:00+00:00,42566.715,42566.715,42540.162,42556.8515,0.0,0.0,0.0
2024-01-13 11:54:00+00:00,42565.38,42585.502,42565.38,42585.502,0.0,0.0,0.0
2024-01-13 11:56:00+00:00,42601.7,42627.974,42601.7,42627.974,0.0,0.0,0.0
2024-01-13 11:57:00+00:00,42599.5205,42607.285,42596.2215,42596.2215,0.0,0.0,0.0
2024-01-13 11:58:00+00:00,42589.746,42591.082,42568.165,42591.082,0.0,0.0,0.0
2024-01-13 11:59:00+00:00,42616.1,42621.441,42616.1,42621.441,0.0,0.0,0.0
2024-01-13 12:00:00+00:00,42606.6395,42606.6395,42606.6395,42606.6395,0.0,0.0,0.0
2024-01-13 12:01:00+00:00,42631.4005,42631.4005,42631.4005,42631.4005,0.0,0.0,0.0
2024-01-13 12:02:00+00:00,42663.94,42693.96,42662.875,42693.96,0.0431,1.0,42693.96
2024-01-13 12:03:00+00:00,42683.285,42683.285,42683.285,42683.285,0.0,0.0,0.0
2024-01-13 12:04:00+00:00,42685.24,42687.64,42685.24,42687.64,0.0,0.0,0.0
2024-01-13 12:07:00+00:00,42727.01,42727.01,42711.315,42711.315,0.0,0.0,0.0
2024-01-13 12:09:00+00:00,42713.7425,42714.7175,42694.34,42714.7175,0.0,0.0,0.0
2024-01-13 12:10:00+00:00,42719.25,42719.25,42718.536,42718.536,0.0,0.0,0.0
2024-01-13 12:11:00+00:00,42669.0535,42669.0535,42669.0535,42669.0535,0.0,0.0,0.0
2024-01-13 12:14:00+00:00,42571.365,42571.365,42537.99,42537.99,0.0,0.0,0.0
2024-01-13 12:15:00+00:00,42563.3,42563.3,42556.04,42556.04,0.0,0.0,0.0
2024-01-13 12:18:00+00:00,42544.159,42563.8925,42544.159,42548.0525,0.0,0.0,0.0
2024-01-13 12:20:00+00:00,42546.9665,42546.9665,42546.9665,42546.9665,0.0,0.0,0.0
2024-01-13 12:22:00+00:00,42591.2,42591.2,42591.2,42591.2,0.0,0.0,0.0
2024-01-13 12:23:00+00:00,42599.31,42599.31,42588.4425,42588.4425,0.0,0.0,0.0
2024-01-13 12:24:00+00:00,42590.623,42590.623,42575.3115,42575.3115,0.0,0.0,0.0
2024-01-13 12:25:00+00:00,42592.9245,42592.9245,42592.9245,42592.9245,0.0,0.0,0.0
2024-01-13 12:27:00+00:00,42625.44,42625.44,42625.44,42625.44,0.0,0.0,0.0
2024-01-13 12:28:00+00:00,42642.93,42642.93,42642.93,42642.93,0.0,0.0,0.0
2024-01-13 12:29:00+00:00,42614.041,42614.041,42614.041,42614.041,0.0,0.0,0.0
2024-01-13 12:30:00+00:00,42653.225,42664.634,42648.445,42664.634,0.0,0.0,0.0
2024-01-13 12:31:00+00:00,42659.471,42659.471,42659.471,42659.471,0.0,0.0,0.0
2024-01-13 12:32:00+00:00,42669.949,42669.949,42635.6675,42635.6675,0.0,0.0,0.0
2024-01-13 12:33:00+00:00,42601.1065,42601.1065,42601.1065,42601.1065,0.0,0.0,0.0
2024-01-13 12:35:00+00:00,42586.5305,42586.5305,42586.5305,42586.5305,0.0,0.0,0.0
2024-01-13 12:36:00+00:00,42617.105,42617.105,42617.105,42617.105,0.0,0.0,0.0
2024-01-13 12:40:00+00:00,42668.4185,42668.4185,42668.4185,42668.4185,0.0,0.0,0.0
2024-01-13 12:41:00+00:00,42686.918,42686.918,42686.918,42686.918,0.0,0.0,0.0
2024-01-13 12:42:00+00:00,42679.5205,42679.5205,42679.5205,42679.5205,0.0,0.0,0.0
2024-01-13 12:43:00+00:00,42700.6795,42700.6795,42683.135,42683.135,0.0,0.0,0.0
2024-01-13 12:44:00+00:00,42700.61,42700.61,42700.61,42700.61,0.0,0.0,0.0
2024-01-13 12:45:00+00:00,42719.91,42719.91,42703.5,42703.5,0.0,0.0,0.0
2024-01-13 12:46:00+00:00,42720.914,42720.914,42690.933,42693.15,0.002834326,1.0,42720.914
2024-01-13 12:47:00+00:00,42683.712,42683.712,42683.712,42683.712,0.0,0.0,0.0
2024-01-13 12:48:00+00:00,42705.432,42705.432,42664.2725,42664.2725,2.3479e-05,1.0,42705.432
2024-01-13 12:50:00+00:00,42662.785,42662.785,42662.785,42662.785,0.0,0.0,0.0
2024-01-13 12:53:00+00:00,42682.9615,42682.9615,42682.9615,42682.9615,0.0,0.0,0.0
2024-01-13 12:55:00+00:00,42693.1,42727.462,42693.1,42727.462,0.0,0.0,0.0
2024-01-13 12:56:00+00:00,42718.172,42718.172,42689.0855,42689.0855,0.0,0.0,0.0
2024-01-13 12:59:00+00:00,42685.476,42688.23,42685.476,42688.23,0.0,0.0,0.0
2024-01-13 13:01:00+00:00,42688.25,42710.15,42688.25,42702.9,0.003544028,1.0,42710.15
2024-01-13 13:02:00+00:00,42673.12,42673.12,42652.95,42652.95,0.0,0.0,0.0
2024-01-13 13:03:00+00:00,42624.0285,42624.0285,42624.0285,42624.0285,0.0,0.0,0.0
2024-01-13 13:04:00+00:00,42618.5545,42618.5545,42618.5545,42618.5545,0.0,0.0,0.0
2024-01-13 13:05:00+00:00,42602.3735,42643.6,42602.3735,42638.5945,0.0067,1.0,42643.6
2024-01-13 13:06:00+00:00,42668.995,42668.995,42668.995,42668.995,0.0,0.0,0.0
2024-01-13 13:07:00+00:00,42670.9785,42675.975,42670.9785,42675.975,0.0,0.0,0.0
2024-01-13 13:08:00+00:00,42685.09,42685.09,42685.09,42685.09,0.0,0.0,0.0
2024-01-13 13:09:00+00:00,42732.47,42732.47,42708.04,42712.267,0.011385244,1.0,42732.47
2024-01-13 13:10:00+00:00,42696.898,42714.925,42696.898,42714.925,0.0,0.0,0.0
2024-01-13 13:11:00+00:00,42658.27,42658.27,42658.27,42658.27,0.0,0.0,0.0
2024-01-13 13:12:00+00:00,42662.72,42662.72,42662.72,42662.72,0.0,0.0,0.0
2024-01-13 13:13:00+00:00,42665.344,42665.344,42665.344,42665.344,0.0,0.0,0.0
2024-01-13 13:14:00+00:00,42675.598,42675.598,42675.598,42675.598,0.0,0.0,0.0
2024-01-13 13:15:00+00:00,42705.55,42705.55,42705.55,42705.55,0.0,0.0,0.0
2024-01-13 13:17:00+00:00,42696.24,42704.217,42696.24,42704.217,0.0,0.0,0.0
2024-01-13 13:18:00+00:00,42713.75,42713.75,42713.75,42713.75,0.0,0.0,0.0
2024-01-13 13:20:00+00:00,42695.85,42695.85,42695.85,42695.85,0.0,0.0,0.0
2024-01-13 13:21:00+00:00,42703.66,42703.66,42696.8,42696.8,0.0,0.0,0.0
2024-01-13 13:22:00+00:00,42753.4835,42753.4835,42753.4835,42753.4835,0.0,0.0,0.0
2024-01-13 13:23:00+00:00,42756.96,42756.96,42756.96,42756.96,0.0,0.0,0.0
2024-01-13 13:24:00+00:00,42760.2455,42760.2455,42743.276,42743.276,0.0,0.0,0.0
2024-01-13 13:25:00+00:00,42748.65,42748.65,42748.65,42748.65,0.0,0.0,0.0
2024-01-13 13:27:00+00:00,42780.528,42780.528,42780.528,42780.528,0.0,0.0,0.0
2024-01-13 13:30:00+00:00,42770.652,42791.664,42770.652,42775.3755,0.022738989,1.0,42791.664
2024-01-13 13:31:00+00:00,42787.2155,42787.2155,42787.2155,42787.2155,0.0,0.0,0.0
2024-01-13 13:33:00+00:00,42770.594,42770.594,42745.16,42745.16,0.0,0.0,0.0
2024-01-13 13:34:00+00:00,42765.45,42782.7225,42765.45,42782.7225,0.0,0.0,0.0
2024-01-13 13:35:00+00:00,42764.5545,42768.0,42764.5545,42764.785,0.0,0.0,0.0
2024-01-13 13:36:00+00:00,42768.6845,42775.5085,42764.13,42764.13,0.0,0.0,0.0
2024-01-13 13:38:00+00:00,42790.938,42790.938,42764.5305,42785.845,0.002273937,1.0,42790.938
2024-01-13 13:39:00+00:00,42788.5,42788.5,42761.1155,42761.1155,0.0,0.0,0.0
2024-01-13 13:40:00+00:00,42762.816,42762.816,42762.816,42762.816,0.0,0.0,0.0
2024-01-13 13:41:00+00:00,42732.8445,42758.2,42732.8445,42755.23,0.001137839,1.0,42758.2
2024-01-13 13:42:00+00:00,42773.335,42773.335,42773.335,42773.335,0.0,0.0,0.0
2024-01-13 13:43:00+00:00,42759.75,42759.75,42759.75,42759.75,0.0,0.0,0.0
2024-01-13 13:44:00+00:00,42732.517,42732.517,42732.517,42732.517,0.0,0.0,0.0
2024-01-13 13:45:00+00:00,42709.275,42750.18,42709.275,42750.18,0.0,0.0,0.0
2024-01-13 13:46:00+00:00,42763.805,42769.295,42760.9745,42760.9745,0.0,0.0,0.0
2024-01-13 13:48:00+00:00,42793.718,42793.718,42770.209,42779.001,2.3479e-05,1.0,42793.718
2024-01-13 13:49:00+00:00,42771.448,42773.963,42756.841,42756.841,0.0,0.0,0.0
2024-01-13 13:51:00+00:00,42690.8965,42696.745,42678.4855,42696.745,0.0,0.0,0.0
2024-01-13 13:52:00+00:00,42714.9775,42748.168,42714.9775,42748.168,0.0,0.0,0.0
2024-01-13 13:53:00+00:00,42730.575,42730.575,42691.152,42691.152,0.0,0.0,0.0
2024-01-13 13:56:00+00:00,42716.83,42716.83,42680.655,42680.655,0.0,0.0,0.0
2024-01-13 13:57:00+00:00,42690.91,42703.61,42690.91,42703.61,0.0,0.0,0.0
2024-01-13 13:58:00+00:00,42740.2,42740.2,42724.45,42724.45,0.0,0.0,0.0
2024-01-13 13:59:00+00:00,42742.25,42742.25,42742.25,42742.25,0.0,0.0,0.0
2024-01-13 14:00:00+00:00,42732.85,42765.545,42732.85,42765.545,0.0,0.0,0.0
2024-01-13 14:01:00+00:00,42779.7085,42779.7085,42779.7085,42779.7085,0.0,0.0,0.0
2024-01-13 14:02:00+00:00,42749.255,42761.2,42749.255,42761.2,0.0,0.0,0.0
2024-01-13 14:03:00+00:00,42764.65,42764.65,42754.1365,42763.8765,0.0,0.0,0.0
2024-01-13 14:04:00+00:00,42764.831,42764.831,42764.831,42764.831,0.0,0.0,0.0
2024-01-13 14:06:00+00:00,42711.9,42711.9,42711.9,42711.9,0.0,0.0,0.0
2024-01-13 14:08:00+00:00,42659.035,42659.035,42659.035,42659.035,0.0,0.0,0.0
2024-01-13 14:09:00+00:00,42670.6425,42692.5745,42670.6425,42692.5745,0.0,0.0,0.0
2024-01-13 14:10:00+00:00,42685.18,42689.0,42672.7235,42672.7235,0.0,0.0,0.0
2024-01-13 14:11:00+00:00,42654.35,42655.831,42654.35,42655.831,0.0,0.0,0.0
2024-01-13 14:13:00+00:00,42658.8405,42658.8405,42657.665,42657.665,0.0,0.0,0.0
2024-01-13 14:14:00+00:00,42652.156,42652.156,42652.156,42652.156,0.0,0.0,0.0
2024-01-13 14:15:00+00:00,42664.135,42664.135,42664.135,42664.135,0.0,0.0,0.0
2024-01-13 14:17:00+00:00,42683.59,42683.59,42683.59,42683.59,0.0,0.0,0.0
2024-01-13 14:19:00+00:00,42676.45,42692.1,42676.45,42692.1,0.0,0.0,0.0
2024-01-13 14:21:00+00:00,42729.823,42729.823,42729.823,42729.823,0.0,0.0,0.0
2024-01-13 14:22:00+00:00,42681.503,42681.503,42681.503,42681.503,0.0,0.0,0.0
2024-01-13 14:23:00+00:00,42714.403,42731.7615,42714.403,42731.7615,0.0,0.0,0.0
2024-01-13 14:26:00+00:00,42698.15,42706.588,42698.15,42706.588,0.0,0.0,0.0
2024-01-13 14:29:00+00:00,42701.162,42701.162,42682.347,42682.347,0.0,0.0,0.0
2024-01-13 14:30:00+00:00,42670.243,42670.243,42670.243,42670.243,0.0,0.0,0.0
2024-01-13 14:31:00+00:00,42661.8665,42661.8665,42641.305,42641.305,0.0,0.0,0.0
2024-01-13 14:32:00+00:00,42677.05,42729.41,42677.05,42729.41,0.0,0.0,0.0
2024-01-13 14:33:00+00:00,42815.0875,42825.528,42810.008,42810.008,0.0,0.0,0.0
2024-01-13 14:34:00+00:00,42877.5235,42877.5235,42877.5235,42877.5235,0.0,0.0,0.0
2024-01-13 14:35:00+00:00,42846.912,42864.0395,42846.912,42864.0395,0.0,0.0,0.0
2024-01-13 14:36:00+00:00,42804.77,42829.03,42804.77,42829.03,0.0,0.0,0.0
2024-01-13 14:39:00+00:00,42812.4,42842.9435,42812.4,42842.9435,0.0,0.0,0.0
2024-01-13 14:40:00+00:00,42880.002,42880.002,42863.1145,42863.1145,0.0,0.0,0.0
2024-01-13 14:41:00+00:00,42835.565,42852.9595,42835.565,42841.0195,0.0,0.0,0.0
2024-01-13 14:43:00+00:00,42818.045,42818.045,42816.6,42816.6,0.0,0.0,0.0
2024-01-13 14:44:00+00:00,42863.991,42863.991,42863.991,42863.991,0.0,0.0,0.0
2024-01-13 14:45:00+00:00,42892.5855,42892.5855,42892.5855,42892.5855,0.0,0.0,0.0
2024-01-13 14:46:00+00:00,42893.746,42893.746,42893.746,42893.746,0.0,0.0,0.0
2024-01-13 14:47:00+00:00,42901.6155,42901.6155,42901.6155,42901.6155,0.0,0.0,0.0
2024-01-13 14:48:00+00:00,42931.5635,42931.5635,42908.14,42922.749,0.0,0.0,0.0
2024-01-13 14:49:00+00:00,42964.17,42964.17,42925.485,42925.485,2.3479e-05,1.0,42964.17
2024-01-13 14:50:00+00:00,42934.2925,42934.2925,42934.2925,42934.2925,0.0,0.0,0.0
2024-01-13 14:51:00+00:00,42944.159,42944.159,42944.159,42944.159,0.0,0.0,0.0
2024-01-13 14:52:00+00:00,42931.0715,42931.0715,42901.4525,42901.4525,0.0,0.0,0.0
2024-01-13 14:53:00+00:00,42877.644,42877.644,42877.644,42877.644,0.0,0.0,0.0
2024-01-13 14:54:00+00:00,42866.752,42866.752,42866.752,42866.752,0.0,0.0,0.0
2024-01-13 14:55:00+00:00,42869.74,42869.74,42869.74,42869.74,0.0,0.0,0.0
2024-01-13 14:56:00+00:00,42820.315,42820.315,42820.2995,42820.2995,0.0,0.0,0.0
2024-01-13 14:57:00+00:00,42815.3595,42839.109,42815.3595,42839.109,0.0,0.0,0.0
2024-01-13 14:58:00+00:00,42815.71,42815.71,42815.71,42815.71,0.0,0.0,0.0
2024-01-13 14:59:00+00:00,42863.0195,42863.0195,42863.0195,42863.0195,0.0,0.0,0.0
2024-01-13 15:00:00+00:00,42881.117,42881.117,42858.835,42858.835,0.0,0.0,0.0
2024-01-13 15:01:00+00:00,42882.6395,42882.6395,42882.6395,42882.6395,0.0,0.0,0.0
2024-01-13 15:02:00+00:00,42901.9005,42943.72,42901.9005,42913.4655,0.006029603,4.0,42927.4827105091
2024-01-13 15:03:00+00:00,42918.33,42918.33,42918.33,42918.33,0.0,0.0,0.0
2024-01-13 15:04:00+00:00,42953.3325,42953.3325,42953.3325,42953.3325,0.0,0.0,0.0
2024-01-13 15:06:00+00:00,43007.85,43007.85,42997.05,42997.05,0.0,0.0,0.0
2024-01-13 15:07:00+00:00,43027.9,43027.9,42995.809,42995.809,0.018091316,1.0,43027.9
2024-01-13 15:09:00+00:00,43028.45,43053.315,43028.45,43053.315,0.0,0.0,0.0
2024-01-13 15:10:00+00:00,43022.95,43022.95,43007.1935,43007.1935,0.0,0.0,0.0
2024-01-13 15:11:00+00:00,42994.132,42994.132,42994.132,42994.132,0.0,0.0,0.0
2024-01-13 15:12:00+00:00,42981.2555,42981.2555,42939.963,42967.035,0.0,0.0,0.0
2024-01-13 15:15:00+00:00,42959.9,42959.9,42959.9,42959.9,0.0,0.0,0.0
2024-01-13 15:16:00+00:00,42943.68,42943.68,42943.68,42943.68,0.0,0.0,0.0
2024-01-13 15:18:00+00:00,43029.102,43029.102,43029.102,43029.102,0.0,0.0,0.0
2024-01-13 15:19:00+00:00,43042.6525,43042.6525,43042.6525,43042.6525,0.0,0.0,0.0
2024-01-13 15:21:00+00:00,43054.9335,43054.9335,43054.9335,43054.9335,0.0,0.0,0.0
2024-01-13 15:24:00+00:00,43062.1069999995,43062.1069999995,43062.1069999995,43062.1069999995,0.0,0.0,0.0
2024-01-13 15:26:00+00:00,43066.1719999995,43066.1719999995,43066.1719999995,43066.1719999995,0.0,0.0,0.0
2024-01-13 15:28:00+00:00,43074.9799999995,43074.9799999995,43074.9799999995,43074.9799999995,0.0,0.0,0.0
2024-01-13 15:30:00+00:00,43067.4719999995,43118.403,43067.4719999995,43118.403,0.00614929,1.0,43080.743999999
2024-01-13 15:32:00+00:00,43156.44,43156.44,43156.44,43156.44,0.0,0.0,0.0
2024-01-13 15:33:00+00:00,43170.45,43194.985,43170.45,43194.985,0.0,0.0,0.0
2024-01-13 15:35:00+00:00,43232.493,43248.107,43184.709,43184.709,0.000567778,1.0,43232.493
2024-01-13 15:40:00+00:00,43123.16,43123.16,43123.16,43123.16,0.0,0.0,0.0
2024-01-13 15:41:00+00:00,43102.885,43102.885,43090.426,43090.426,0.0,0.0,0.0
2024-01-13 15:42:00+00:00,43068.394,43068.394,43068.394,43068.394,0.0,0.0,0.0
2024-01-13 15:46:00+00:00,43036.174,43036.174,43036.174,43036.174,0.0,0.0,0.0
2024-01-13 15:48:00+00:00,43032.5,43032.5,43005.3085,43005.3085,2.3479e-05,1.0,43032.5
2024-01-13 15:50:00+00:00,42974.5,42974.5,42974.5,42974.5,0.0,0.0,0.0
2024-01-13 15:51:00+00:00,42991.6,42991.6,42974.5,42974.5,0.001101333,1.0,42991.6
2024-01-13 15:52:00+00:00,43031.093,43055.8225,43031.093,43055.8225,0.0,0.0,0.0
2024-01-13 15:53:00+00:00,43074.9,43096.455,43074.9,43079.896,0.0,0.0,0.0
2024-01-13 15:58:00+00:00,43148.1345,43148.1345,43148.1345,43148.1345,0.0,0.0,0.0
2024-01-13 16:00:00+00:00,43175.265,43175.265,43165.0345,43165.0345,0.0,0.0,0.0
2024-01-13 16:01:00+00:00,43119.365,43119.365,43119.365,43119.365,0.0,0.0,0.0
2024-01-13 16:04:00+00:00,43091.3815,43121.21,43091.3815,43121.21,0.0,0.0,0.0
2024-01-13 16:08:00+00:00,42991.2115,42991.2115,42991.2115,42991.2115,0.0,0.0,0.0
2024-01-13 16:09:00+00:00,42983.35,43002.9,42983.35,43002.9,0.0,0.0,0.0
2024-01-13 16:10:00+00:00,43016.47,43016.47,43004.848,43004.848,0.0,0.0,0.0
2024-01-13 16:11:00+00:00,43014.6585,43068.6,43014.6585,43043.1335,0.004518555,1.0,43068.6
2024-01-13 16:12:00+00:00,43080.53,43080.53,43080.53,43080.53,0.0,0.0,0.0
2024-01-13 16:13:00+00:00,43068.5055,43068.5055,43068.5055,43068.5055,0.0,0.0,0.0
2024-01-13 16:14:00+00:00,43093.93,43093.93,43093.93,43093.93,0.0,0.0,0.0
2024-01-13 16:15:00+00:00,43046.7835,43046.7835,43046.7835,43046.7835,0.0,0.0,0.0
2024-01-13 16:16:00+00:00,43031.13,43031.13,43018.3095,43018.3095,0.0,0.0,0.0
2024-01-13 16:17:00+00:00,43001.702,43001.702,42984.39,42984.39,0.0,0.0,0.0
2024-01-13 16:18:00+00:00,43004.445,43004.445,43004.445,43004.445,0.0,0.0,0.0
2024-01-13 16:19:00+00:00,43023.687,43023.687,43023.687,43023.687,0.0,0.0,0.0
2024-01-13 16:22:00+00:00,43085.41,43085.41,43085.41,43085.41,0.0,0.0,0.0
2024-01-13 16:23:00+00:00,43079.7,43079.7,43041.161,43053.3915,0.0,0.0,0.0
2024-01-13 16:24:00+00:00,43131.4,43141.5,43108.45,43108.45,0.5,2.0,43135.90864
2024-01-13 16:25:00+00:00,43086.2355,43086.2355,43086.2355,43086.2355,0.0,0.0,0.0
2024-01-13 16:26:00+00:00,43084.158,43084.158,43084.158,43084.158,0.0,0.0,0.0
2024-01-13 16:28:00+00:00,43097.755,43099.945,43086.99,43086.99,0.0,0.0,0.0
2024-01-13 16:29:00+00:00,43071.15,43071.15,43071.15,43071.15,0.0,0.0,0.0
2024-01-13 16:30:00+00:00,43083.13,43083.13,43064.5495,43064.5495,0.0,0.0,0.0
2024-01-13 16:31:00+00:00,43100.716,43100.716,43084.0,43084.0,0.0001,1.0,43100.716
2024-01-13 16:33:00+00:00,43108.58,43108.58,43108.58,43108.58,0.0,0.0,0.0
2024-01-13 16:36:00+00:00,43077.6695,43077.6695,43077.6695,43077.6695,0.0,0.0,0.0
2024-01-13 16:37:00+00:00,43002.57,43002.57,43002.57,43002.57,0.0,0.0,0.0
2024-01-13 16:38:00+00:00,42913.096,42924.2385,42900.315,42924.2385,0.0,0.0,0.0
2024-01-13 16:39:00+00:00,42832.89,42881.15,42812.689,42866.15,0.0,0.0,0.0
2024-01-13 16:40:00+00:00,42825.026,42846.15,42789.4285,42789.4285,0.0,0.0,0.0
2024-01-13 16:41:00+00:00,42832.94,42844.921,42832.94,42844.921,0.0,0.0,0.0
2024-01-13 16:42:00+00:00,42864.15,42864.15,42864.15,42864.15,0.0,0.0,0.0
2024-01-13 16:43:00+00:00,42866.775,42866.775,42866.775,42866.775,0.0,0.0,0.0
2024-01-13 16:44:00+00:00,42897.49,42897.49,42897.49,42897.49,0.0,0.0,0.0
2024-01-13 16:45:00+00:00,42961.86,42961.86,42896.2045,42896.2045,0.05,1.0,42961.86
2024-01-13 16:46:00+00:00,42919.73,42919.73,42910.235,42910.235,0.0,0.0,0.0
2024-01-13 16:47:00+00:00,42882.402,42882.402,42842.316,42842.316,0.0,0.0,0.0
2024-01-13 16:48:00+00:00,42842.85,42868.27,42842.85,42868.27,0.0,0.0,0.0
2024-01-13 16:49:00+00:00,42877.24,42877.24,42877.24,42877.24,0.0,0.0,0.0
2024-01-13 16:50:00+00:00,42888.17,42888.17,42860.6,42884.4,0.049898479,2.0,42860.6129726605
2024-01-13 16:51:00+00:00,42880.06,42880.06,42880.06,42880.06,0.0,0.0,0.0
2024-01-13 16:52:00+00:00,42864.467,42864.467,42864.467,42864.467,0.0,0.0,0.0
2024-01-13 16:53:00+00:00,42836.6,42868.0285,42836.6,42868.0285,0.0,0.0,0.0
2024-01-13 16:54:00+00:00,42872.598,42890.456,42872.598,42883.745,0.002268661,1.0,42890.456
2024-01-13 16:55:00+00:00,42866.4385,42877.815,42866.4385,42877.815,0.0,0.0,0.0
2024-01-13 16:58:00+00:00,42873.1755,42873.1755,42873.1755,42873.1755,0.0,0.0,0.0
2024-01-13 17:01:00+00:00,42906.6915,42906.6915,42889.038,42889.038,0.0,0.0,0.0
2024-01-13 17:02:00+00:00,42865.9,42865.9,42865.9,42865.9,0.0,0.0,0.0
2024-01-13 17:04:00+00:00,42851.695,42851.695,42851.695,42851.695,0.0,0.0,0.0
2024-01-13 17:05:00+00:00,42793.41,42793.41,42793.41,42793.41,0.0,0.0,0.0
2024-01-13 17:06:00+00:00,42821.7,42821.7,42821.7,42821.7,0.0,0.0,0.0
2024-01-13 17:07:00+00:00,42858.272,42858.272,42858.272,42858.272,0.0,0.0,0.0
2024-01-13 17:08:00+00:00,42873.2175,42902.335,42873.2175,42873.88,9.9e-05,1.0,42902.335
2024-01-13 17:13:00+00:00,42953.335,42977.394,42953.335,42977.394,0.0,0.0,0.0
2024-01-13 17:16:00+00:00,42960.3195,42968.553,42960.3195,42968.553,0.0,0.0,0.0
2024-01-13 17:17:00+00:00,42954.165,42954.165,42954.165,42954.165,0.0,0.0,0.0
2024-01-13 17:19:00+00:00,42940.1675,42949.591,42910.8805,42910.8805,0.011327688,1.0,42949.591
2024-01-13 17:20:00+00:00,42949.772,42949.772,42949.0925,42949.0925,2.3479e-05,1.0,42949.772
2024-01-13 17:21:00+00:00,42946.05,42946.05,42942.85,42942.85,0.0,0.0,0.0
2024-01-13 17:22:00+00:00,42934.12,42934.12,42934.12,42934.12,0.0,0.0,0.0
2024-01-13 17:23:00+00:00,42907.3625,42907.3625,42869.54,42869.54,2.342e-05,1.0,42869.54
2024-01-13 17:25:00+00:00,42913.1475,42934.135,42913.1475,42934.135,0.0,0.0,0.0
2024-01-13 17:26:00+00:00,42951.15,42961.0095,42951.15,42961.0095,0.0,0.0,0.0
2024-01-13 17:28:00+00:00,42956.095,42956.095,42956.095,42956.095,0.0,0.0,0.0
2024-01-13 17:30:00+00:00,42880.283,42889.621,42880.283,42889.621,0.0,0.0,0.0
2024-01-13 17:32:00+00:00,42928.323,42928.323,42928.323,42928.323,0.0,0.0,0.0
2024-01-13 17:35:00+00:00,42919.085,42919.085,42919.085,42919.085,0.0,0.0,0.0
2024-01-13 17:37:00+00:00,42948.795,42948.795,42931.87,42931.87,0.011327898,1.0,42948.795
2024-01-13 17:38:00+00:00,42964.842,42964.842,42949.55,42949.55,0.0,0.0,0.0
2024-01-13 17:39:00+00:00,42927.4,42927.4,42927.4,42927.4,0.0,0.0,0.0
2024-01-13 17:42:00+00:00,42882.485,42882.485,42882.485,42882.485,0.0,0.0,0.0
2024-01-13 17:43:00+00:00,42882.5215,42882.5215,42882.5215,42882.5215,0.0,0.0,0.0
2024-01-13 17:46:00+00:00,42887.615,42931.4,42887.615,42916.625,2.3479e-05,1.0,42931.4
2024-01-13 17:47:00+00:00,42890.405,42890.405,42878.8535,42878.8535,0.0,0.0,0.0
2024-01-13 17:50:00+00:00,42852.366,42852.366,42852.366,42852.366,0.0,0.0,0.0
2024-01-13 17:51:00+00:00,42863.2775,42863.2775,42863.2775,42863.2775,0.0,0.0,0.0
2024-01-13 17:53:00+00:00,42845.66,42859.71,42845.66,42859.71,0.0,0.0,0.0
2024-01-13 17:54:00+00:00,42895.55,42899.2665,42893.675,42893.675,0.0,0.0,0.0
2024-01-13 17:55:00+00:00,42892.25,42892.25,42855.627,42855.627,2.3479e-05,1.0,42892.25
2024-01-13 17:56:00+00:00,42877.93,42877.93,42872.1305,42872.1305,0.0,0.0,0.0
2024-01-13 17:57:00+00:00,42886.5,42886.5,42886.5,42886.5,0.0,0.0,0.0
2024-01-13 17:58:00+00:00,42893.5145,42893.5145,42892.885,42892.885,0.0,0.0,0.0
2024-01-13 17:59:00+00:00,42909.594,42909.594,42899.881,42899.881,0.0,0.0,0.0
2024-01-13 18:01:00+00:00,42869.188,42869.188,42869.188,42869.188,0.0,0.0,0.0
2024-01-13 18:02:00+00:00,42864.81,42866.925,42864.81,42866.925,0.0,0.0,0.0
2024-01-13 18:04:00+00:00,42881.9,42881.9,42863.181,42872.4695,0.031767596,1.0,42881.9
2024-01-13 18:10:00+00:00,42786.25,42803.065,42786.25,42803.065,0.0,0.0,0.0
2024-01-13 18:11:00+00:00,42782.963,42782.963,42746.9845,42746.9845,0.0,0.0,0.0
2024-01-13 18:12:00+00:00,42763.25,42778.2,42763.25,42778.2,0.0,0.0,0.0
2024-01-13 18:13:00+00:00,42775.945,42809.445,42775.945,42809.445,0.0,0.0,0.0
2024-01-13 18:14:00+00:00,42825.1,42839.3885,42825.1,42833.809,0.0,0.0,0.0
2024-01-13 18:15:00+00:00,42829.0555,42840.895,42829.0555,42840.895,0.0,0.0,0.0
2024-01-13 18:16:00+00:00,42834.6165,42834.6165,42834.6165,42834.6165,0.0,0.0,0.0
2024-01-13 18:17:00+00:00,42813.468,42813.468,42813.468,42813.468,0.0,0.0,0.0
2024-01-13 18:18:00+00:00,42775.5305,42775.5305,42775.5305,42775.5305,0.0,0.0,0.0
2024-01-13 18:19:00+00:00,42771.279,42777.05,42771.279,42777.05,0.0,0.0,0.0
2024-01-13 18:20:00+00:00,42795.845,42795.845,42791.99,42792.265,0.0,0.0,0.0
2024-01-13 18:21:00+00:00,42820.85,42848.667,42820.85,42848.667,0.0,0.0,0.0
2024-01-13 18:22:00+00:00,42813.8845,42813.8845,42813.8845,42813.8845,0.0,0.0,0.0
2024-01-13 18:23:00+00:00,42797.668,42797.668,42782.7915,42782.7915,0.0,0.0,0.0
2024-01-13 18:24:00+00:00,42770.428,42770.428,42770.428,42770.428,0.0,0.0,0.0
2024-01-13 18:25:00+00:00,42796.25,42796.25,42796.25,42796.25,0.0,0.0,0.0
2024-01-13 18:26:00+00:00,42835.7,42844.568,42835.7,42844.568,0.0,0.0,0.0
2024-01-13 18:27:00+00:00,42776.261,42776.261,42776.261,42776.261,0.0,0.0,0.0
2024-01-13 18:28:00+00:00,42812.0985,42812.0985,42812.0985,42812.0985,0.0,0.0,0.0
2024-01-13 18:29:00+00:00,42816.9825,42846.2035,42816.9825,42846.2035,0.0,0.0,0.0
2024-01-13 18:30:00+00:00,42877.51,42877.51,42877.51,42877.51,0.0,0.0,0.0
2024-01-13 18:31:00+00:00,42877.08,42877.08,42845.768,42867.255,0.0,0.0,0.0
2024-01-13 18:34:00+00:00,42820.5,42820.5,42793.4905,42808.495,0.0,0.0,0.0
2024-01-13 18:35:00+00:00,42809.19,42813.6925,42809.19,42809.8,0.0,0.0,0.0
2024-01-13 18:36:00+00:00,42809.26,42863.745,42809.26,42863.745,0.0,0.0,0.0
2024-01-13 18:38:00+00:00,42871.73,42871.73,42871.73,42871.73,0.0,0.0,0.0
2024-01-13 18:41:00+00:00,42846.0555,42846.0555,42846.0555,42846.0555,0.0,0.0,0.0
2024-01-13 18:42:00+00:00,42834.0585,42834.95,42827.49,42827.49,0.0,0.0,0.0
2024-01-13 18:43:00+00:00,42824.75,42824.75,42824.75,42824.75,0.0,0.0,0.0
2024-01-13 18:44:00+00:00,42805.8,42821.4495,42805.8,42821.4495,0.0,0.0,0.0
2024-01-13 18:45:00+00:00,42841.6345,42841.6345,42841.6345,42841.6345,0.0,0.0,0.0
2024-01-13 18:46:00+00:00,42856.639,42856.639,42829.5745,42840.764,2.3479e-05,1.0,42856.639
2024-01-13 18:47:00+00:00,42821.15,42821.15,42821.15,42821.15,0.0,0.0,0.0
2024-01-13 18:48:00+00:00,42804.8615,42804.8615,42804.8615,42804.8615,0.0,0.0,0.0
2024-01-13 18:49:00+00:00,42800.0,42800.0,42777.791,42777.791,0.0056,1.0,42800.0
2024-01-13 18:50:00+00:00,42776.2695,42794.38,42766.67,42794.38,0.0,0.0,0.0
2024-01-13 18:52:00+00:00,42787.814,42787.814,42787.814,42787.814,0.0,0.0,0.0
2024-01-13 18:53:00+00:00,42799.09,42804.043,42799.09,42804.043,0.0,0.0,0.0
2024-01-13 18:55:00+00:00,42812.755,42812.755,42812.755,42812.755,0.0,0.0,0.0
2024-01-13 18:56:00+00:00,42800.19,42809.7095,42797.4755,42797.4755,0.0,0.0,0.0
2024-01-13 18:57:00+00:00,42795.905,42809.8975,42795.905,42805.93,0.0,0.0,0.0
2024-01-13 18:58:00+00:00,42798.178,42798.178,42798.178,42798.178,0.0,0.0,0.0
2024-01-13 19:00:00+00:00,42804.06,42804.06,42804.06,42804.06,0.0,0.0,0.0
2024-01-13 19:01:00+00:00,42841.05,42853.1775,42841.05,42853.1775,0.0,0.0,0.0
2024-01-13 19:02:00+00:00,42867.016,42892.113,42867.016,42892.113,0.0,0.0,0.0
2024-01-13 19:03:00+00:00,42920.54,42920.54,42920.54,42920.54,0.0,0.0,0.0
2024-01-13 19:04:00+00:00,42917.95,42917.95,42917.95,42917.95,0.0,0.0,0.0
2024-01-13 19:05:00+00:00,42893.215,42893.215,42893.215,42893.215,0.0,0.0,0.0
2024-01-13 19:06:00+00:00,42840.4595,42840.4595,42840.4595,42840.4595,0.0,0.0,0.0
2024-01-13 19:07:00+00:00,42866.81,42870.347,42866.81,42870.347,0.0,0.0,0.0
2024-01-13 19:12:00+00:00,42859.165,42859.165,42859.165,42859.165,0.0,0.0,0.0
2024-01-13 19:13:00+00:00,42880.3585,42880.3585,42874.5425,42874.5425,0.0,0.0,0.0
2024-01-13 19:14:00+00:00,42885.375,42885.375,42885.375,42885.375,0.0,0.0,0.0
2024-01-13 19:16:00+00:00,42888.3,42888.3,42856.919,42860.65,0.01540317,1.0,42888.3
2024-01-13 19:17:00+00:00,42854.2065,42854.2065,42834.59,42835.879,0.000303134,1.0,42852.47
2024-01-13 19:18:00+00:00,42827.59,42827.59,42827.59,42827.59,0.0,0.0,0.0
2024-01-13 19:19:00+00:00,42858.274,42858.274,42858.274,42858.274,0.0,0.0,0.0
2024-01-13 19:20:00+00:00,42871.94,42871.94,42871.94,42871.94,0.0,0.0,0.0
2024-01-13 19:21:00+00:00,42904.873,42924.34,42904.873,42924.34,0.0,0.0,0.0
2024-01-13 19:22:00+00:00,42939.13,42939.13,42939.13,42939.13,0.0,0.0,0.0
2024-01-13 19:23:00+00:00,42933.4825,42933.4825,42933.4825,42933.4825,0.0,0.0,0.0
2024-01-13 19:24:00+00:00,42937.376,42937.376,42937.376,42937.376,0.0,0.0,0.0
2024-01-13 19:25:00+00:00,42909.998,42931.09,42909.998,42931.09,0.0,0.0,0.0
2024-01-13 19:27:00+00:00,42949.921,42949.921,42926.0695,42935.6005,0.002737224,1.0,42946.009
