Robot Name,Profit,Timestamp
robot1,840737.6,2023-12-30 05:11:30.975
robot1,840737.6,2023-12-30 05:11:33.600
robot1,840737.6,2023-12-30 05:11:36.088
robot1,840737.6,2023-12-30 05:11:38.568
robot1,840737.6,2023-12-30 05:11:41.021
robot1,840737.6,2023-12-30 05:11:43.460
robot1,840737.6,2023-12-30 05:11:45.897
robot1,840737.6,2023-12-30 05:11:48.334
robot1,840737.6,2023-12-30 05:11:50.850
robot1,840737.6,2023-12-30 05:11:53.413
robot1,840737.6,2023-12-30 05:11:55.976
robot1,840737.6,2023-12-30 05:11:58.537
robot1,840737.6,2023-12-30 05:12:01.163
robot1,840737.6,2023-12-30 05:12:03.739
robot1,840737.6,2023-12-30 05:12:06.178
robot1,840737.6,2023-12-30 05:12:09.021
robot1,840737.6,2023-12-30 05:12:11.679
robot1,840737.6,2023-12-30 05:12:14.131
robot1,840737.6,2023-12-30 05:12:17.254
robot1,840737.6,2023-12-30 05:12:19.694
robot1,840737.6,2023-12-30 05:12:22.132
robot1,840737.6,2023-12-30 05:12:24.866
robot1,840737.6,2023-12-30 05:12:27.303
robot1,840737.6,2023-12-30 05:12:29.835
robot1,840737.6,2023-12-30 05:12:32.380
robot1,840737.6,2023-12-30 05:12:34.927
robot1,840737.6,2023-12-30 05:12:37.522
robot1,840737.6,2023-12-30 05:12:40.318
robot1,840737.6,2023-12-30 05:12:42.896
robot1,840737.6,2023-12-30 05:12:45.460
robot1,840737.6,2023-12-30 05:12:48.006
robot1,840737.6,2023-12-30 05:12:50.741
robot1,840737.6,2023-12-30 05:12:53.256
robot1,840737.6,2023-12-30 05:12:55.709
robot1,840737.6,2023-12-30 05:12:58.226
robot1,840737.6,2023-12-30 05:13:00.725
robot1,840737.6,2023-12-30 05:13:03.227
robot1,840737.6,2023-12-30 05:13:05.740
robot1,840737.6,2023-12-30 05:13:08.225
robot1,840737.6,2023-12-30 05:13:10.757
robot1,840737.6,2023-12-30 05:13:13.271
robot1,840737.6,2023-12-30 05:13:15.754
robot1,840737.6,2023-12-30 05:13:18.335
robot1,840737.6,2023-12-30 05:13:20.803
robot1,840737.6,2023-12-30 05:13:23.303
robot1,840737.6,2023-12-30 05:13:25.772
robot1,840737.6,2023-12-30 05:13:28.287
robot1,840737.6,2023-12-30 05:13:30.725
robot1,840737.6,2023-12-30 05:13:33.271
robot1,840737.6,2023-12-30 05:13:35.788
robot1,840737.6,2023-12-30 05:13:38.209
robot1,840737.6,2023-12-30 05:13:40.662
robot1,840737.6,2023-12-30 05:13:43.131
robot1,840737.6,2023-12-30 05:13:45.694
robot1,840737.6,2023-12-30 05:13:48.219
robot1,840737.6,2023-12-30 05:13:50.709
robot1,840737.6,2023-12-30 05:13:53.268
robot1,840737.6,2023-12-30 05:13:55.818
robot1,840737.6,2023-12-30 05:13:58.475
robot1,840737.6,2023-12-30 05:14:01.110
robot1,840737.6,2023-12-30 05:14:03.763
robot1,840737.6,2023-12-30 05:14:06.262
robot1,840737.6,2023-12-30 05:14:08.862
robot1,840737.6,2023-12-30 05:14:11.337
robot1,840737.6,2023-12-30 05:14:13.853
robot1,840737.6,2023-12-30 05:14:16.349
robot1,840737.6,2023-12-30 05:14:18.842
robot1,840737.6,2023-12-30 05:14:21.424
robot1,840737.6,2023-12-30 05:14:23.902
robot1,840737.6,2023-12-30 05:14:26.365
robot1,840737.6,2023-12-30 05:14:29.009
robot1,840737.6,2023-12-30 05:14:31.491
robot1,840737.6,2023-12-30 05:14:33.948
robot1,840737.6,2023-12-30 05:14:36.418
robot1,840737.6,2023-12-30 05:14:38.904
robot1,840737.6,2023-12-30 05:14:41.431
robot1,840737.6,2023-12-30 05:14:43.918
robot1,840737.6,2023-12-30 05:14:46.497
robot1,840737.6,2023-12-30 05:14:49.143
robot1,840737.6,2023-12-30 05:14:51.685
robot1,840737.6,2023-12-30 05:14:54.254
robot1,840737.6,2023-12-30 05:14:56.864
robot1,840737.6,2023-12-30 05:14:59.531
robot1,840737.6,2023-12-30 05:15:02.068
robot1,840737.6,2023-12-30 05:15:04.488
robot1,840737.6,2023-12-30 05:15:07.021
robot1,840737.6,2023-12-30 05:15:09.500
robot1,840737.6,2023-12-30 05:15:12.005
robot1,840737.6,2023-12-30 05:15:14.498
robot1,840737.6,2023-12-30 05:15:17.064
robot1,840737.6,2023-12-30 05:15:19.618
robot1,840737.6,2023-12-30 05:15:22.105
robot1,840737.6,2023-12-30 05:15:24.611
robot1,840737.6,2023-12-30 05:15:27.318
robot1,840737.6,2023-12-30 05:15:29.782
robot1,840737.6,2023-12-30 05:15:32.379
robot1,840737.6,2023-12-30 05:15:35.160
